FC ID,FC Target Max,FC Target Mean
GA-303,2877.540070304806,2065.3480017538905
NY-134,2949.9794573780637,2117.341211121843
TX-799,1002.1781904586221,719.311172909504
UT-841,2228.7754039470265,1599.6986017340205
