FC ID,FC Target Max,FC Target Mean
GA-303,12184.038809870442,8197.416925704913
