FC ID,FC Target Max,FC Target Mean
GA-303,9058.473122088517,6501.69898751926
