Config,Num FCs,Network Target Max,Network Target Mean,DC Inventory Max,DC Inventory Mean
15FC,15,22981.80671034022,18799.54478049588,15607.826907609,10602.127854790968
