Config,Num FCs,Network Target Max,Network Target Mean,DC Inventory Max,DC Inventory Mean
1FC,1,22981.80671034025,18799.544780495886,15607.826907608998,10602.127854790971
