Config,Num FCs,Network Target Max,Network Target Mean,DC Inventory Max,DC Inventory Mean
1FC,1,19290.493794386184,15892.571233305232,12924.3123473301,9390.872245785971
