Config,Weeks,Service Level,Network Max Target,Network Mean Target,DC Inventory Max,DC Inventory Mean
4FC,6,50%,14294.984594149311,11475.437242167332,7788.819901189985,5006.221221998622
4FC,6,68%,14732.100856456642,11819.378141498255,8196.643977775146,5335.561951405282
4FC,6,95%,15014.040845644871,12041.220021566698,8459.690507172576,5548.335795977258
4FC,12,50%,26300.657892424202,21598.12367619619,19903.282806471143,15128.90765602748
4FC,12,68%,26848.303500054968,22071.20436123727,20423.11745376846,15587.388171144297
4FC,12,95%,27201.775484549704,22376.34140308876,20758.410801275226,15883.457177499322
