Config,Weeks,Service Level,Network Max Target,Network Mean Target,DC Inventory Max,DC Inventory Mean
1FC,6,50%,14294.984594149324,11475.437242167338,7788.819901189985,5006.221221998623
1FC,6,68%,14732.100856456656,11819.378141498259,8196.643977775146,5335.561951405284
1FC,6,95%,15014.040845644886,12041.220021566704,8459.690507172576,5548.335795977259
1FC,12,50%,26300.657892424202,21598.1236761962,19903.282806471158,15128.907656027486
1FC,12,68%,26848.303500054983,22071.204361237276,20423.117453768475,15587.388171144303
1FC,12,95%,27201.77548454972,22376.34140308877,20758.410801275244,15883.457177499327
