Network Target Max,Network Target Mean,DC Inventory Max,DC Inventory Mean
19290.493794386166,15892.571233305227,12924.312347330098,9390.87224578597
