network_target_max,network_target_mean,dc_inventory_max,dc_inventory_mean
19290.493794386166,15892.571233305227,12924.312347330098,9390.87224578597
