weeks,days,service_level,z,network_max_target,network_mean_target,windows_scored
6,42,50%,0.0,14294.997188041836,12075.519087539096,324
6,42,68%,1.0,14732.113835448934,12426.87681812127,324
6,42,95%,1.645,15014.054073026511,12653.502554346771,324
6,42,99%,2.33,15313.478976500373,12894.18259979556,324
12,84,50%,0.0,26300.681063324213,24249.606863796445,282
12,84,68%,1.0,26848.32715343119,24752.547838659644,282
12,84,95%,1.645,27201.79944933502,25076.944767446406,282
12,84,99%,2.33,27577.19250777552,25421.459335227693,282
