weeks,confidence,network_max_target,network_mean_target
6,0.5,10687.552228093811,10087.292445420051
6,0.68,10803.320810934427,10198.769317052907
6,0.95,11094.473849403243,10479.128885240674
12,0.5,21375.10445618762,18944.784360484096
12,0.68,21538.82595613753,19096.16072725823
12,0.95,21950.578531866267,19476.865820619674
