network_target_max,network_target_mean,dc_inventory_max,dc_inventory_mean
14915.603493644243,13808.794068791201,9164.272791046806,8211.174450731718
