preferred_fc,demand_share
AZ-852,0.04049506767615463
CA-900,0.09107284623517754
CA-945,0.04225045622265194
CO-802,0.05595679829793931
FL-331,0.05934770528532836
GA-303,0.08295173508047861
IL-606,0.11452963090060483
MA-021,0.04843381767019337
MI-481,0.08328321137250923
NC-275,0.05741503058264195
NJ-070,0.17553964865043048
TX-750,0.050843091792763875
TX-770,0.04596548649559361
UT-841,0.018941653687596902
WA-980,0.032973820049935466
