preferred_fc,demand_share
GA-303,0.3176628148609399
NY-134,0.325659679906178
TX-799,0.11063433946885308
UT-841,0.24604316576402904
