preferred_fc,market_type,demand_share
GA-303,Primary,0.7108155072284619
GA-303,Secondary,0.27687404292603185
GA-303,Tertiary,0.012310449845506315
