total_pmf,single_pmf,proportion
1.0,0.37267040332262535,0.37267040332262535
