bucket,demand_share
<50,0.01896879471150814
51-150,0.017570891479955393
151-300,0.060058626911650315
301-600,0.269527390453631
601-1000,0.34602720084996397
1001-1400,0.0711216046581337
1401-1800,0.057177568373437744
>1800,0.1595479225617198
