bucket,demand_share
<50,0.3846500738767151
51-150,0.25305650534278123
151-300,0.2653378489793116
301-600,0.09048890275798524
601-1000,0.006359656315746825
1001-1400,0.0001070127274600311
1401-1800,0.0
>1800,0.0
