bucket,demand_share
<50,0.035203851014592745
51-150,0.04632589181311069
151-300,0.2637511165647337
301-600,0.4902754174326428
601-1000,0.15652711113371826
1001-1400,0.007916612041201875
1401-1800,0.0
>1800,0.0
