total_pmf,single_pmf,proportion
1.0,0.4908264204180765,0.4908264204180765
