Network,market_type,OTD Promise (Days),gross_operating_profit,total_revenue,total_shipping_cost,total_cogs
1-FC,Primary,3,"$72,786,277",148546224.70060396,38623391.941212736,37136556.17515099
1-FC,Secondary,3,"$38,655,040",73290774.15486401,16313040.214068787,18322693.538716003
1-FC,Tertiary,4,"$2,004,455",3258674.557704285,439551.3342418174,814668.6394260712
4-FC,Primary,2,"$90,689,320",178255469.64072475,43002282.40058941,44563867.41018119
4-FC,Secondary,3,"$43,011,254",73290774.15486401,11956826.637433747,18322693.538716003
4-FC,Tertiary,4,"$2,092,963",3258674.557704285,351042.8509101476,814668.6394260712
15-FC,Primary,2,"$108,049,261",178255469.64072475,25642341.16966459,44563867.41018119
15-FC,Secondary,3,"$45,792,470",73290774.15486401,9175610.770947352,18322693.538716003
15-FC,Tertiary,4,"$2,098,917",3258674.557704285,345088.7477086507,814668.6394260712
