Network,market_type,OTD Promise (Days),gross_operating_profit,total_revenue,total_shipping_cost,total_cogs
1-FC,Primary,3,72786276.58424023,148546224.70060396,38623391.941212736,37136556.17515099
1-FC,Secondary,3,38655040.40207923,73290774.15486401,16313040.214068787,18322693.538716003
1-FC,Tertiary,4,2004454.5840363964,3258674.557704285,439551.3342418174,814668.6394260712
4-FC,Primary,2,90689319.82995415,178255469.64072475,43002282.40058941,44563867.41018119
4-FC,Secondary,3,43011253.97871427,73290774.15486401,11956826.637433747,18322693.538716003
4-FC,Tertiary,4,2092963.0673680662,3258674.557704285,351042.8509101476,814668.6394260712
15-FC,Primary,2,108049261.06087896,178255469.64072475,25642341.16966459,44563867.41018119
15-FC,Secondary,3,45792469.845200665,73290774.15486401,9175610.770947352,18322693.538716003
15-FC,Tertiary,4,2098917.170569563,3258674.557704285,345088.7477086507,814668.6394260712
