preferred_fc,demand_share,network
GA-303,0.3176628148609399,4FC
NY-134,0.325659679906178,4FC
TX-799,0.11063433946885308,4FC
UT-841,0.24604316576402904,4FC
