preferred_fc,market_type,demand_share,network
GA-303,Primary,0.7108155072284619,1FC
GA-303,Secondary,0.27687404292603185,1FC
GA-303,Tertiary,0.012310449845506315,1FC
