Peak Loads,Follow Demand,Steady Rate
AF Peak Daily,3284.1666795528254,1029.5182698322587
DC Peak,12184.038809870446,276418.87813769386
DC Peak EOD,11856.445076610493,276418.87813769386
