Peak Loads,Follow Demand,Steady Rate
AF Peak Daily,1888.0166147776654,662.9258310636484
DC Peak,9058.473122088519,141878.6064132528
DC Peak EOD,8730.879388828565,141878.6064132528
