METRIC_NAME,STRATEGY_A_CHASE_VALUE,STRATEGY_B_LEVELED_VALUE
AF_PEAK_DAILY_CAPACITY,333.51656454631205,280.51530507668343
DC_PEAK_STORAGE_WITHIN_DAY,366.82348212160224,14680.610830224778
DC_PEAK_STORAGE_END_OF_DAY,34.62213080139355,14680.610830224778
