Peak Loads,Follow Demand,Steady Rate
AF Peak Daily,3284.1666795528217,1029.5182698322594
DC Peak,12184.038809870444,276418.8781376939
DC Peak EOD,11856.445076610491,276418.8781376939
