Peak Loads,Follow Demand,Steady Rate
AF Peak Daily,3284.16667955282,1029.5182698322592
DC Peak,12184.038809870442,276418.878137694
DC Peak EOD,11856.44507661049,276418.878137694
