Peak Loads,Follow Demand,Steady Rate
af_peak_daily_cap,333.51656454631205,280.51530507668343
dc_peak_mid,366.82348212160224,14680.610830224778
dc_peak_eod,34.62213080139355,14680.610830224778
