Peak Loads,Follow Demand,Steady Rate
AF Peak Daily,1888.0166147776627,662.9258310636485
DC Peak,9058.473122088517,141878.6064132528
DC Peak EOD,8730.879388828564,141878.6064132528
